"rep","dens","rand","rich","species","n","n.I","pI","max.dI","tmax.dI","n.E","FOI"
1,"sub",FALSE,1,"1",392,392,1,129,5,353,1.23316935373849
1,"sub",FALSE,1,"tot",392,392,1,129,5,353,1.23316935373849
1,"sub",FALSE,2,"1",229,228,0.995633187772926,81,3,206,1.23576680177208
1,"sub",FALSE,2,"2",163,132,0.809815950920245,24,7,146,0.126824322731238
1,"sub",FALSE,2,"tot",392,360,0.918367346938776,87,3,352,0.293876262626263
1,"sub",FALSE,4,"1",143,134,0.937062937062937,47,3,116,1.51969381688466
1,"sub",FALSE,4,"2",100,46,0.46,7,9,77,0.06616871901846
1,"sub",FALSE,4,"3",82,25,0.304878048780488,5,9,65,0.0347394540942928
1,"sub",FALSE,4,"4",67,4,0.0597014925373134,0,2,54,0.0115957078573901
1,"sub",FALSE,4,"tot",392,209,0.533163265306122,55,3,312,0.0798024807171149
1,"sub",FALSE,6,"1",115,87,0.756521739130435,36,3,76,2.28964681440443
1,"sub",FALSE,6,"2",83,45,0.542168674698795,9,5,56,0.147264194139194
1,"sub",FALSE,6,"3",66,16,0.242424242424242,3,3,45,0.0471157167530225
1,"sub",FALSE,6,"4",54,3,0.0555555555555556,0,2,34,0.035099122521937
1,"sub",FALSE,6,"5",43,5,0.116279069767442,0,2,29,0.0268199233716475
1,"sub",FALSE,6,"6",31,4,0.129032258064516,0,2,20,0.0322306238185255
1,"sub",FALSE,6,"tot",392,160,0.408163265306122,45,3,260,0.0984885499215476
2,"sub",FALSE,1,"1",392,392,1,123,5,353,1.23316935373849
2,"sub",FALSE,1,"tot",392,392,1,123,5,353,1.23316935373849
2,"sub",FALSE,2,"1",228,228,1,69,5,200,1.2996
2,"sub",FALSE,2,"2",164,133,0.810975609756098,25,5,153,0.118702823899474
2,"sub",FALSE,2,"tot",392,361,0.920918367346939,94,5,353,0.286141222477672
2,"sub",FALSE,4,"1",141,129,0.914893617021277,39,3,110,1.64305785123967
2,"sub",FALSE,4,"2",103,56,0.543689320388349,7,3,81,0.0782891100055279
2,"sub",FALSE,4,"3",81,26,0.320987654320988,6,3,69,0.0294818344252531
2,"sub",FALSE,4,"4",67,3,0.0447761194029851,0,2,58,0.00691260088041086
2,"sub",FALSE,4,"tot",392,214,0.545918367346939,52,3,318,0.0767358490566038
2,"sub",FALSE,6,"1",115,90,0.782608695652174,38,3,77,2.23056164614606
2,"sub",FALSE,6,"2",83,29,0.349397590361446,8,3,57,0.0715401605343964
2,"sub",FALSE,6,"3",66,18,0.272727272727273,3,3,44,0.0630252100840336
2,"sub",FALSE,6,"4",54,2,0.037037037037037,0,2,46,0.00773583554186663
2,"sub",FALSE,6,"5",43,9,0.209302325581395,0,2,26,0.0396549853531518
2,"sub",FALSE,6,"6",31,3,0.0967741935483871,0,2,25,0.0113587786259542
2,"sub",FALSE,6,"tot",392,151,0.385204081632653,49,3,275,0.0731084190165937
3,"sub",FALSE,1,"1",392,392,1,132,5,353,1.23316935373849
3,"sub",FALSE,1,"tot",392,392,1,132,5,353,1.23316935373849
3,"sub",FALSE,2,"1",228,228,1,71,3,205,1.23697798929209
3,"sub",FALSE,2,"2",164,130,0.792682926829268,23,7,148,0.10929746134602
3,"sub",FALSE,2,"tot",392,358,0.913265306122449,82,5,353,0.261032441189764
3,"sub",FALSE,4,"1",143,108,0.755244755244755,44,3,101,2.00460739143221
3,"sub",FALSE,4,"2",102,56,0.549019607843137,9,5,77,0.0818619582664527
3,"sub",FALSE,4,"3",82,34,0.414634146341463,3,5,61,0.0638185129988409
3,"sub",FALSE,4,"4",65,9,0.138461538461538,0,2,47,0.0210962856112514
3,"sub",FALSE,4,"tot",392,207,0.528061224489796,51,3,286,0.112474527568867
3,"sub",FALSE,6,"1",115,97,0.843478260869565,34,3,89,1.66961242267391
3,"sub",FALSE,6,"2",83,41,0.493975903614458,6,3,57,0.0979067473083687
3,"sub",FALSE,6,"3",67,16,0.238805970149254,2,3,47,0.0444582387944689
3,"sub",FALSE,6,"4",53,6,0.113207547169811,0,2,35,0.0289047114073625
3,"sub",FALSE,6,"5",42,3,0.0714285714285714,0,2,28,0.0285326086956522
3,"sub",FALSE,6,"6",32,5,0.15625,0,2,23,0.0196882690730107
3,"sub",FALSE,6,"tot",392,168,0.428571428571429,42,3,279,0.0806485618874674
4,"sub",FALSE,1,"1",392,392,1,133,5,353,1.23316935373849
4,"sub",FALSE,1,"tot",392,392,1,133,5,353,1.23316935373849
4,"sub",FALSE,2,"1",228,228,1,59,5,208,1.20155325443787
4,"sub",FALSE,2,"2",164,127,0.774390243902439,24,5,145,0.105541057538828
4,"sub",FALSE,2,"tot",392,355,0.905612244897959,83,5,353,0.251256190677377
4,"sub",FALSE,4,"1",141,129,0.914893617021277,48,3,117,1.45233399079553
4,"sub",FALSE,4,"2",103,66,0.640776699029126,11,3,73,0.148819430473508
4,"sub",FALSE,4,"3",81,22,0.271604938271605,3,3,64,0.0344801682692308
4,"sub",FALSE,4,"4",67,5,0.0746268656716418,0,2,53,0.0124023217992622
4,"sub",FALSE,4,"tot",392,222,0.566326530612245,62,3,307,0.0966399193440819
4,"sub",FALSE,6,"1",115,93,0.808695652173913,28,3,79,2.11905143406505
4,"sub",FALSE,6,"2",81,34,0.419753086419753,8,3,60,0.076271186440678
4,"sub",FALSE,6,"3",67,26,0.388059701492537,4,8,55,0.0393755739210285
4,"sub",FALSE,6,"4",54,4,0.0740740740740741,0,2,37,0.0257908636287015
4,"sub",FALSE,6,"5",43,6,0.13953488372093,0,2,30,0.0249776586237712
4,"sub",FALSE,6,"6",32,4,0.125,0,2,22,0.025518341307815
4,"sub",FALSE,6,"tot",392,167,0.426020408163265,38,3,283,0.0775715230416747
5,"sub",FALSE,1,"1",392,392,1,126,5,353,1.23316935373849
5,"sub",FALSE,1,"tot",392,392,1,126,5,353,1.23316935373849
5,"sub",FALSE,2,"1",229,229,1,67,3,208,1.2121163091716
5,"sub",FALSE,2,"2",163,118,0.723926380368098,19,5,145,0.0899920460393955
5,"sub",FALSE,2,"tot",392,347,0.885204081632653,78,5,353,0.229094596005699
5,"sub",FALSE,4,"1",143,123,0.86013986013986,37,3,110,1.69
5,"sub",FALSE,4,"2",100,56,0.56,7,7,72,0.120192307692308
5,"sub",FALSE,4,"3",82,26,0.317073170731707,3,5,61,0.0407686105885515
5,"sub",FALSE,4,"4",67,4,0.0597014925373134,0,2,57,0.0080179986118092
5,"sub",FALSE,4,"tot",392,209,0.533163265306122,45,3,300,0.0943623667769202
5,"sub",FALSE,6,"1",114,96,0.842105263157895,32,3,80,2.030625
5,"sub",FALSE,6,"2",82,41,0.5,9,3,52,0.139487948333526
5,"sub",FALSE,6,"3",66,13,0.196969696969697,2,7,47,0.0420435724296089
5,"sub",FALSE,6,"4",54,6,0.111111111111111,0,2,40,0.0173394495412844
5,"sub",FALSE,6,"5",44,1,0.0227272727272727,0,2,26,0.044928522804629
5,"sub",FALSE,6,"6",32,2,0.0625,0,2,23,0.0199708758061161
5,"sub",FALSE,6,"tot",392,159,0.405612244897959,42,3,268,0.0861234368697055
6,"sub",FALSE,1,"1",392,392,1,124,5,353,1.23316935373849
6,"sub",FALSE,1,"tot",392,392,1,124,5,353,1.23316935373849
6,"sub",FALSE,2,"1",229,229,1,60,5,209,1.20054485932099
6,"sub",FALSE,2,"2",163,130,0.797546012269939,16,7,144,0.122118487782388
6,"sub",FALSE,2,"tot",392,359,0.915816326530612,75,5,353,0.281939808711749
6,"sub",FALSE,4,"1",142,120,0.845070422535211,40,3,109,1.69716353842269
6,"sub",FALSE,4,"2",102,61,0.598039215686274,10,5,74,0.1262129599479
6,"sub",FALSE,4,"3",82,25,0.304878048780488,3,3,61,0.0434770147884902
6,"sub",FALSE,4,"4",66,6,0.0909090909090909,0,2,54,0.0103432063939821
6,"sub",FALSE,4,"tot",392,212,0.540816326530612,48,3,298,0.100320330337066
6,"sub",FALSE,6,"1",115,74,0.643478260869565,29,3,65,3.1301775147929
6,"sub",FALSE,6,"2",83,23,0.27710843373494,5,3,44,0.128403465346535
6,"sub",FALSE,6,"3",65,16,0.246153846153846,5,3,35,0.10259004451639
6,"sub",FALSE,6,"4",54,7,0.12962962962963,0,2,33,0.0387414164189812
6,"sub",FALSE,6,"5",43,6,0.13953488372093,0,2,30,0.0230610561056106
6,"sub",FALSE,6,"6",32,3,0.09375,0,2,21,0.029458532094736
6,"sub",FALSE,6,"tot",392,129,0.329081632653061,39,3,228,0.113635637362989
7,"sub",FALSE,1,"1",392,392,1,125,5,353,1.23316935373849
7,"sub",FALSE,1,"tot",392,392,1,125,5,353,1.23316935373849
7,"sub",FALSE,2,"1",228,228,1,66,3,203,1.26147200854182
7,"sub",FALSE,2,"2",164,136,0.829268292682927,20,5,150,0.129298550724638
7,"sub",FALSE,2,"tot",392,364,0.928571428571429,80,5,353,0.298754839209479
7,"sub",FALSE,4,"1",144,135,0.9375,42,3,121,1.41629670104501
7,"sub",FALSE,4,"2",102,56,0.549019607843137,11,5,82,0.0799822105706662
7,"sub",FALSE,4,"3",81,28,0.345679012345679,4,5,64,0.037654958677686
7,"sub",FALSE,4,"4",65,7,0.107692307692308,0,2,51,0.0138426200581086
7,"sub",FALSE,4,"tot",392,226,0.576530612244898,50,3,318,0.0878579598734582
7,"sub",FALSE,6,"1",115,84,0.730434782608696,32,3,73,2.48170388440608
7,"sub",FALSE,6,"2",83,28,0.337349397590361,6,5,54,0.0884750438926511
7,"sub",FALSE,6,"3",65,12,0.184615384615385,2,11,42,0.0431606905710491
7,"sub",FALSE,6,"4",54,5,0.0925925925925926,0,2,36,0.0276639344262295
7,"sub",FALSE,6,"5",43,3,0.0697674418604651,0,2,30,0.0234972677595628
7,"sub",FALSE,6,"6",32,7,0.21875,0,2,17,0.0594427244582043
7,"sub",FALSE,6,"tot",392,139,0.354591836734694,38,3,252,0.0887409872434831
8,"sub",FALSE,1,"1",392,392,1,114,5,353,1.23316935373849
8,"sub",FALSE,1,"tot",392,392,1,114,5,353,1.23316935373849
8,"sub",FALSE,2,"1",228,228,1,73,3,205,1.23697798929209
8,"sub",FALSE,2,"2",164,133,0.810975609756098,22,7,148,0.122917746770958
8,"sub",FALSE,2,"tot",392,361,0.920918367346939,91,3,353,0.28552980960913
8,"sub",FALSE,4,"1",141,137,0.971631205673759,29,3,123,1.3140987507436
8,"sub",FALSE,4,"2",103,57,0.553398058252427,7,4,84,0.067115551694179
8,"sub",FALSE,4,"3",82,24,0.292682926829268,3,3,68,0.0286262873101763
8,"sub",FALSE,4,"4",66,6,0.0909090909090909,0,2,53,0.0122086570477248
8,"sub",FALSE,4,"tot",392,224,0.571428571428571,34,3,328,0.0753762324857291
8,"sub",FALSE,6,"1",115,90,0.782608695652174,39,3,80,2.06640625
8,"sub",FALSE,6,"2",81,29,0.358024691358025,6,5,60,0.0527441860465116
8,"sub",FALSE,6,"3",67,25,0.373134328358209,5,5,51,0.0436544295807627
8,"sub",FALSE,6,"4",54,7,0.12962962962963,0,2,37,0.0244441485820796
8,"sub",FALSE,6,"5",43,2,0.0465116279069767,0,2,33,0.0149430080622741
8,"sub",FALSE,6,"6",32,3,0.09375,0,2,21,0.0298254533129978
8,"sub",FALSE,6,"tot",392,156,0.397959183673469,45,3,282,0.0690926427174907
9,"sub",FALSE,1,"1",392,392,1,130,5,353,1.23316935373849
9,"sub",FALSE,1,"tot",392,392,1,130,5,353,1.23316935373849
9,"sub",FALSE,2,"1",231,231,1,76,3,209,1.22160664819945
9,"sub",FALSE,2,"2",161,117,0.726708074534162,15,7,141,0.0956852490193748
9,"sub",FALSE,2,"tot",392,348,0.887755102040816,87,3,350,0.239561243144424
9,"sub",FALSE,4,"1",142,123,0.866197183098592,41,3,108,1.72873799725652
9,"sub",FALSE,4,"2",101,62,0.613861386138614,8,3,82,0.0939210372495882
9,"sub",FALSE,4,"3",82,31,0.378048780487805,3,5,66,0.0388257575757576
9,"sub",FALSE,4,"4",67,5,0.0746268656716418,0,2,56,0.0092032967032967
9,"sub",FALSE,4,"tot",392,221,0.563775510204082,51,3,312,0.0888713518303151
9,"sub",FALSE,6,"1",113,79,0.699115044247788,31,3,70,2.60591836734694
9,"sub",FALSE,6,"2",84,40,0.476190476190476,13,3,60,0.0967336683417085
9,"sub",FALSE,6,"3",66,23,0.348484848484849,3,5,47,0.0464696692996546
9,"sub",FALSE,6,"4",54,3,0.0555555555555556,0,2,42,0.0139372822299652
9,"sub",FALSE,6,"5",43,5,0.116279069767442,0,2,33,0.0147735862021576
9,"sub",FALSE,6,"6",32,3,0.09375,0,2,22,0.024906600249066
9,"sub",FALSE,6,"tot",392,153,0.39030612244898,46,3,274,0.0753319130184122
10,"sub",FALSE,1,"1",392,392,1,120,5,353,1.23316935373849
10,"sub",FALSE,1,"tot",392,392,1,120,5,353,1.23316935373849
10,"sub",FALSE,2,"1",231,231,1,73,3,209,1.22160664819945
10,"sub",FALSE,2,"2",161,116,0.720496894409938,20,7,144,0.0882275132275132
10,"sub",FALSE,2,"tot",392,347,0.885204081632653,82,3,353,0.229503937154012
10,"sub",FALSE,4,"1",143,125,0.874125874125874,49,3,111,1.65968671374077
10,"sub",FALSE,4,"2",102,63,0.617647058823529,13,5,81,0.106497354497354
10,"sub",FALSE,4,"3",81,24,0.296296296296296,5,5,63,0.0337822918966659
10,"sub",FALSE,4,"4",66,7,0.106060606060606,0,2,51,0.0141898864809082
10,"sub",FALSE,4,"tot",392,219,0.558673469387755,62,3,306,0.0934095860566449
10,"sub",FALSE,6,"1",115,99,0.860869565217391,40,3,89,1.66961242267391
10,"sub",FALSE,6,"2",82,39,0.475609756097561,9,5,61,0.0842150137580902
10,"sub",FALSE,6,"3",66,15,0.227272727272727,3,9,48,0.0325591985428051
10,"sub",FALSE,6,"4",53,7,0.132075471698113,0,2,40,0.0159195933456562
10,"sub",FALSE,6,"5",44,4,0.0909090909090909,0,2,36,0.010238510762071
10,"sub",FALSE,6,"6",32,4,0.125,0,2,23,0.0200347826086957
10,"sub",FALSE,6,"tot",392,168,0.428571428571429,47,3,297,0.0629712101490589
1,"sub",TRUE,1,"4",392,39,0.0994897959183673,0,2,110,0.315029923055001
1,"sub",TRUE,1,"tot",392,39,0.0994897959183673,0,2,110,0.315029923055001
1,"sub",TRUE,2,"2",163,37,0.226993865030675,9,3,63,0.248182406455788
1,"sub",TRUE,2,"4",229,22,0.0960698689956332,0,2,77,0.208607267213635
1,"sub",TRUE,2,"tot",392,59,0.150510204081633,9,3,140,0.222820362785255
1,"sub",TRUE,4,"2",102,25,0.245098039215686,6,3,30,0.50573476702509
1,"sub",TRUE,4,"4",143,13,0.0909090909090909,0,2,54,0.153741151458046
1,"sub",TRUE,4,"5",82,8,0.0975609756097561,0,2,31,0.151236800231448
1,"sub",TRUE,4,"6",65,4,0.0615384615384615,0,2,27,0.118499328343888
1,"sub",TRUE,4,"tot",392,50,0.127551020408163,6,3,142,0.191879372104799
1,"sub",TRUE,6,"1",44,30,0.681818181818182,14,3,28,2.46938775510204
1,"sub",TRUE,6,"2",83,26,0.313253012048193,7,3,36,0.239037532515793
1,"sub",TRUE,6,"3",31,5,0.161290322580645,1,3,20,0.0456842105263158
1,"sub",TRUE,6,"4",114,13,0.114035087719298,0,2,52,0.0936109345200254
1,"sub",TRUE,6,"5",66,4,0.0606060606060606,0,2,29,0.104087634798176
1,"sub",TRUE,6,"6",54,7,0.12962962962963,0,2,26,0.0812204555221315
1,"sub",TRUE,6,"tot",392,85,0.216836734693878,22,3,191,0.124308959581357
2,"sub",TRUE,1,"1",392,392,1,120,5,353,1.23316935373849
2,"sub",TRUE,1,"tot",392,392,1,120,5,353,1.23316935373849
2,"sub",TRUE,2,"1",230,230,1,68,3,210,1.19954648526077
2,"sub",TRUE,2,"2",162,116,0.716049382716049,20,5,143,0.0922193595877807
2,"sub",TRUE,2,"tot",392,346,0.88265306122449,77,3,353,0.235000996266168
2,"sub",TRUE,4,"1",142,120,0.845070422535211,48,3,108,1.72873799725652
2,"sub",TRUE,4,"2",103,61,0.592233009708738,12,5,79,0.120399280188258
2,"sub",TRUE,4,"3",65,23,0.353846153846154,4,5,53,0.0348272034903747
2,"sub",TRUE,4,"6",82,11,0.134146341463415,0,2,63,0.0150977770025389
2,"sub",TRUE,4,"tot",392,215,0.548469387755102,60,3,303,0.096438335816704
2,"sub",TRUE,6,"1",116,75,0.646551724137931,28,3,68,2.91003460207612
2,"sub",TRUE,6,"2",82,26,0.317073170731707,6,5,44,0.156880854994063
2,"sub",TRUE,6,"3",53,17,0.320754716981132,3,3,25,0.131751412429379
2,"sub",TRUE,6,"4",32,3,0.09375,0,2,23,0.019626550361183
2,"sub",TRUE,6,"5",43,1,0.0232558139534884,0,2,35,0.010568356374808
2,"sub",TRUE,6,"6",66,10,0.151515151515152,0,2,37,0.0509150883166631
2,"sub",TRUE,6,"tot",392,132,0.336734693877551,36,3,232,0.110403605015674
3,"sub",TRUE,1,"5",392,39,0.0994897959183673,0,2,124,0.235602282105565
3,"sub",TRUE,1,"tot",392,39,0.0994897959183673,0,2,124,0.235602282105565
3,"sub",TRUE,2,"2",164,59,0.359756097560976,18,3,83,0.205719603856231
3,"sub",TRUE,2,"5",228,23,0.100877192982456,0,2,104,0.0939993616342164
3,"sub",TRUE,2,"tot",392,82,0.209183673469388,18,3,187,0.127325901972572
3,"sub",TRUE,4,"1",65,40,0.615384615384615,18,3,34,3.65484429065744
3,"sub",TRUE,4,"2",103,34,0.330097087378641,7,3,53,0.182879193200919
3,"sub",TRUE,4,"3",81,19,0.234567901234568,3,3,41,0.10744159605858
3,"sub",TRUE,4,"5",143,14,0.0979020979020979,0,2,86,0.0414606604407007
3,"sub",TRUE,4,"tot",392,107,0.272959183673469,28,3,214,0.11214953271028
3,"sub",TRUE,6,"1",55,31,0.563636363636364,14,3,23,5.71833648393195
3,"sub",TRUE,6,"2",82,18,0.219512195121951,4,3,34,0.189876503087423
3,"sub",TRUE,6,"3",65,12,0.184615384615385,4,3,35,0.09422086591646
3,"sub",TRUE,6,"4",32,3,0.09375,0,2,15,0.0871794871794872
3,"sub",TRUE,6,"5",114,9,0.0789473684210526,0,2,57,0.0714285714285714
3,"sub",TRUE,6,"6",44,6,0.136363636363636,0,2,14,0.236305048335124
3,"sub",TRUE,6,"tot",392,79,0.201530612244898,22,3,178,0.143171432433287
4,"sub",TRUE,1,"6",392,39,0.0994897959183673,0,2,118,0.265995700799414
4,"sub",TRUE,1,"tot",392,39,0.0994897959183673,0,2,118,0.265995700799414
4,"sub",TRUE,2,"4",163,14,0.0858895705521472,0,2,46,0.310784824978815
4,"sub",TRUE,2,"6",229,25,0.109170305676856,0,2,68,0.274944815654456
4,"sub",TRUE,2,"tot",392,39,0.0994897959183673,0,2,114,0.289149977181308
4,"sub",TRUE,4,"1",67,33,0.492537313432836,14,3,23,8.48582230623819
4,"sub",TRUE,4,"2",82,26,0.317073170731707,9,3,37,0.252480328429696
4,"sub",TRUE,4,"4",101,8,0.0792079207920792,0,2,47,0.0904462612560323
4,"sub",TRUE,4,"6",142,13,0.0915492957746479,0,2,77,0.0557276289493863
4,"sub",TRUE,4,"tot",392,80,0.204081632653061,23,3,184,0.132288843109617
4,"sub",TRUE,6,"1",54,33,0.611111111111111,14,3,29,3.46730083234245
4,"sub",TRUE,6,"2",66,23,0.348484848484849,11,3,37,0.150787478125608
4,"sub",TRUE,6,"3",44,7,0.159090909090909,1,10,18,0.140425531914894
4,"sub",TRUE,6,"4",83,7,0.0843373493975904,0,2,38,0.0949656750572082
4,"sub",TRUE,6,"5",32,1,0.03125,0,2,15,0.0920473773265651
4,"sub",TRUE,6,"6",113,16,0.141592920353982,0,2,52,0.092053952991453
4,"sub",TRUE,6,"tot",392,87,0.221938775510204,25,3,189,0.132668856420131
5,"sub",TRUE,1,"1",392,392,1,132,5,353,1.23316935373849
5,"sub",TRUE,1,"tot",392,392,1,132,5,353,1.23316935373849
5,"sub",TRUE,2,"1",228,218,0.956140350877193,57,3,198,1.32598714416896
5,"sub",TRUE,2,"6",164,19,0.115853658536585,0,2,143,0.00651444849443227
5,"sub",TRUE,2,"tot",392,237,0.604591836734694,57,3,341,0.0734892090393353
5,"sub",TRUE,4,"1",143,119,0.832167832167832,46,3,103,1.92751437458761
5,"sub",TRUE,4,"2",65,30,0.461538461538462,7,3,51,0.0740994072047424
5,"sub",TRUE,4,"5",81,9,0.111111111111111,0,2,61,0.0164238571732717
5,"sub",TRUE,4,"6",103,10,0.0970873786407767,0,2,77,0.0173722381514589
5,"sub",TRUE,4,"tot",392,168,0.428571428571429,53,3,292,0.0697108066971081
5,"sub",TRUE,6,"1",114,68,0.596491228070175,30,3,60,3.61
5,"sub",TRUE,6,"2",54,16,0.296296296296296,3,3,32,0.0795022796352584
5,"sub",TRUE,6,"3",32,7,0.21875,1,4,15,0.118518518518519
5,"sub",TRUE,6,"4",44,5,0.113636363636364,0,2,24,0.0563236047107015
5,"sub",TRUE,6,"5",66,6,0.0909090909090909,0,2,36,0.0567010309278351
5,"sub",TRUE,6,"6",82,8,0.0975609756097561,0,2,48,0.0442371160192942
5,"sub",TRUE,6,"tot",392,110,0.280612244897959,33,3,215,0.113211677982089
6,"sub",TRUE,1,"1",392,392,1,120,5,353,1.23316935373849
6,"sub",TRUE,1,"tot",392,392,1,120,5,353,1.23316935373849
6,"sub",TRUE,2,"1",228,213,0.934210526315789,69,3,185,1.51888970051132
6,"sub",TRUE,2,"4",164,11,0.0670731707317073,0,2,138,0.00833294248237262
6,"sub",TRUE,2,"tot",392,224,0.571428571428571,69,3,323,0.0791831651475738
6,"sub",TRUE,4,"1",141,94,0.666666666666667,33,3,80,3.10640625
6,"sub",TRUE,4,"4",103,16,0.155339805825243,0,2,54,0.0640157280568239
6,"sub",TRUE,4,"5",82,5,0.0609756097560976,0,2,53,0.0327742326722439
6,"sub",TRUE,4,"6",66,4,0.0606060606060606,0,2,35,0.0631969111969112
6,"sub",TRUE,4,"tot",392,119,0.303571428571429,33,3,222,0.115138612791195
6,"sub",TRUE,6,"1",117,78,0.666666666666667,37,3,65,3.24
6,"sub",TRUE,6,"2",32,12,0.375,5,5,20,0.119322033898305
6,"sub",TRUE,6,"3",42,13,0.30952380952381,3,5,24,0.0926906779661017
6,"sub",TRUE,6,"4",82,9,0.109756097560976,0,2,49,0.0409373534439721
6,"sub",TRUE,6,"5",66,4,0.0606060606060606,0,2,42,0.0332871012482663
6,"sub",TRUE,6,"6",53,5,0.0943396226415094,0,2,33,0.0362133169348502
6,"sub",TRUE,6,"tot",392,121,0.308673469387755,41,3,233,0.0965149315562512
7,"sub",TRUE,1,"5",392,39,0.0994897959183673,0,2,124,0.235602282105565
7,"sub",TRUE,1,"tot",392,39,0.0994897959183673,0,2,124,0.235602282105565
7,"sub",TRUE,2,"3",164,25,0.152439024390244,3,3,54,0.24543869238177
7,"sub",TRUE,2,"5",228,19,0.0833333333333333,0,2,73,0.230748135863249
7,"sub",TRUE,2,"tot",392,44,0.112244897959184,3,3,127,0.236690095646593
7,"sub",TRUE,4,"1",67,40,0.597014925373134,23,3,33,4.12213039485767
7,"sub",TRUE,4,"3",101,14,0.138613861386139,3,3,52,0.0913461538461538
7,"sub",TRUE,4,"4",81,7,0.0864197530864197,0,2,42,0.0639577259475219
7,"sub",TRUE,4,"5",143,19,0.132867132867133,0,2,69,0.0804629164955822
7,"sub",TRUE,4,"tot",392,80,0.204081632653061,26,3,196,0.109544719204992
7,"sub",TRUE,6,"1",53,31,0.584905660377358,17,3,28,3.58290816326531
7,"sub",TRUE,6,"2",33,15,0.454545454545455,3,3,16,0.213068181818182
7,"sub",TRUE,6,"3",83,18,0.216867469879518,4,6,40,0.138675742574257
7,"sub",TRUE,6,"4",66,7,0.106060606060606,0,2,34,0.0670816922881464
7,"sub",TRUE,6,"5",113,11,0.0973451327433628,0,2,56,0.0743970615413048
7,"sub",TRUE,6,"6",44,4,0.0909090909090909,0,2,19,0.106816857642261
7,"sub",TRUE,6,"tot",392,86,0.219387755102041,23,3,193,0.122103535775607
8,"sub",TRUE,1,"3",392,65,0.165816326530612,11,3,163,0.158258460320602
8,"sub",TRUE,1,"tot",392,65,0.165816326530612,11,3,163,0.158258460320602
8,"sub",TRUE,2,"3",230,37,0.160869565217391,10,3,78,0.277526395173454
8,"sub",TRUE,2,"4",162,18,0.111111111111111,0,2,65,0.131245301929341
8,"sub",TRUE,2,"tot",392,55,0.14030612244898,10,3,143,0.200284964552955
8,"sub",TRUE,4,"1",81,58,0.716049382716049,29,3,49,2.7326114119117
8,"sub",TRUE,4,"3",142,30,0.211267605633803,5,3,79,0.0860999034351631
8,"sub",TRUE,4,"4",102,11,0.107843137254902,0,2,63,0.0362473347547974
8,"sub",TRUE,4,"5",67,7,0.104477611940299,0,2,35,0.0641436050860135
8,"sub",TRUE,4,"tot",392,106,0.270408163265306,34,3,226,0.0910844248186509
8,"sub",TRUE,6,"1",65,44,0.676923076923077,21,3,36,3.26003086419753
8,"sub",TRUE,6,"2",43,18,0.418604651162791,6,3,27,0.143936939855307
8,"sub",TRUE,6,"3",117,24,0.205128205128205,5,3,58,0.108585396460223
8,"sub",TRUE,6,"4",83,12,0.144578313253012,0,2,48,0.047097924773022
8,"sub",TRUE,6,"5",52,2,0.0384615384615385,0,2,31,0.0411997736276174
8,"sub",TRUE,6,"6",32,2,0.0625,0,2,17,0.0605907599091139
8,"sub",TRUE,6,"tot",392,102,0.260204081632653,32,3,217,0.0998920733900947
9,"sub",TRUE,1,"1",392,392,1,115,5,353,1.23316935373849
9,"sub",TRUE,1,"tot",392,392,1,115,5,353,1.23316935373849
9,"sub",TRUE,2,"1",230,197,0.856521739130435,63,3,173,1.76751645561161
9,"sub",TRUE,2,"6",162,15,0.0925925925925926,0,2,125,0.0146328959414098
9,"sub",TRUE,2,"tot",392,212,0.540816326530612,63,3,298,0.101803326524657
9,"sub",TRUE,4,"1",142,108,0.76056338028169,38,3,90,2.48938271604938
9,"sub",TRUE,4,"3",82,24,0.292682926829268,4,3,57,0.0513337303223245
9,"sub",TRUE,4,"5",66,4,0.0606060606060606,0,2,46,0.023273035015339
9,"sub",TRUE,4,"6",102,9,0.0882352941176471,0,2,70,0.0247366426676771
9,"sub",TRUE,4,"tot",392,145,0.369897959183673,42,3,263,0.0803915904741376
9,"sub",TRUE,6,"1",117,88,0.752136752136752,33,3,75,2.4336
9,"sub",TRUE,6,"2",32,15,0.46875,2,9,19,0.141893194524773
9,"sub",TRUE,6,"3",66,12,0.181818181818182,3,4,41,0.0619838134961191
9,"sub",TRUE,6,"4",41,2,0.0487804878048781,0,2,29,0.0220617909510784
9,"sub",TRUE,6,"5",54,3,0.0555555555555556,0,2,34,0.0351379489849037
9,"sub",TRUE,6,"6",82,13,0.158536585365854,0,2,47,0.049165724466372
9,"sub",TRUE,6,"tot",392,133,0.339285714285714,36,3,245,0.0930053063193439
10,"sub",TRUE,1,"1",392,392,1,143,5,353,1.23316935373849
10,"sub",TRUE,1,"tot",392,392,1,143,5,353,1.23316935373849
10,"sub",TRUE,2,"1",229,228,0.995633187772926,71,3,207,1.22385586594786
10,"sub",TRUE,2,"3",163,68,0.417177914110429,8,7,143,0.0314754279251321
10,"sub",TRUE,2,"tot",392,296,0.755102040816326,77,3,350,0.122129832239241
10,"sub",TRUE,4,"1",142,108,0.76056338028169,38,3,96,2.18793402777778
10,"sub",TRUE,4,"2",66,30,0.454545454545455,6,5,46,0.116402116402116
10,"sub",TRUE,4,"3",102,40,0.392156862745098,6,3,69,0.075522540237419
10,"sub",TRUE,4,"6",82,11,0.134146341463415,0,2,58,0.0219618346166722
10,"sub",TRUE,4,"tot",392,189,0.482142857142857,49,3,269,0.116939740235899
10,"sub",TRUE,6,"1",115,82,0.71304347826087,30,3,69,2.77777777777778
10,"sub",TRUE,6,"2",54,13,0.240740740740741,3,4,31,0.0939998912038296
10,"sub",TRUE,6,"3",82,23,0.280487804878049,6,3,52,0.0644239697164488
10,"sub",TRUE,6,"4",43,5,0.116279069767442,0,2,24,0.0535246331236897
10,"sub",TRUE,6,"5",32,5,0.15625,0,2,19,0.0427631578947368
10,"sub",TRUE,6,"6",66,3,0.0454545454545455,0,2,42,0.0334643174039802
10,"sub",TRUE,6,"tot",392,131,0.334183673469388,37,3,237,0.101778795313449
1,"add",FALSE,1,"1",128,89,0.6953125,12,4,106,0.128211942190151
1,"add",FALSE,1,"tot",128,89,0.6953125,12,4,106,0.128211942190151
1,"add",FALSE,2,"1",117,109,0.931623931623932,26,3,96,0.836538461538462
1,"add",FALSE,2,"2",83,41,0.493975903614458,5,5,72,0.0490997942386831
1,"add",FALSE,2,"tot",200,150,0.75,30,3,168,0.154409241679058
1,"add",FALSE,4,"1",121,102,0.84297520661157,35,3,88,1.375
1,"add",FALSE,4,"2",89,31,0.348314606741573,7,3,68,0.048999216991289
1,"add",FALSE,4,"3",71,17,0.23943661971831,2,3,48,0.0487150698602794
1,"add",FALSE,4,"4",57,5,0.087719298245614,0,2,42,0.0184394409937888
1,"add",FALSE,4,"tot",338,155,0.458579881656805,44,3,246,0.0853729686655093
1,"add",FALSE,6,"1",115,88,0.765217391304348,28,3,79,2.11905143406505
1,"add",FALSE,6,"2",83,35,0.421686746987952,4,5,54,0.103828798641826
1,"add",FALSE,6,"3",66,22,0.333333333333333,4,3,42,0.0711590296495957
1,"add",FALSE,6,"4",53,2,0.0377358490566038,0,2,39,0.0186160871092378
1,"add",FALSE,6,"5",43,4,0.0930232558139535,0,2,32,0.0173897058823529
1,"add",FALSE,6,"6",32,6,0.1875,0,2,19,0.0436150136296918
1,"add",FALSE,6,"tot",392,157,0.400510204081633,35,3,265,0.0888925912042244
2,"add",FALSE,1,"1",128,92,0.71875,13,4,108,0.107546593339444
2,"add",FALSE,1,"tot",128,92,0.71875,13,4,108,0.107546593339444
2,"add",FALSE,2,"1",117,105,0.897435897435897,26,3,97,0.657919400187441
2,"add",FALSE,2,"2",83,40,0.481927710843373,7,7,66,0.0573798824749395
2,"add",FALSE,2,"tot",200,145,0.725,30,3,163,0.157631249908778
2,"add",FALSE,4,"1",122,109,0.89344262295082,37,3,96,1.53506600660066
2,"add",FALSE,4,"2",89,48,0.539325842696629,8,3,69,0.0821203009911071
2,"add",FALSE,4,"3",69,17,0.246376811594203,3,7,54,0.0293223497106992
2,"add",FALSE,4,"4",58,5,0.0862068965517241,0,2,46,0.0124735653607656
2,"add",FALSE,4,"tot",338,179,0.529585798816568,47,3,265,0.0828031060716734
2,"add",FALSE,6,"1",114,82,0.719298245614035,28,3,66,2.98347107438017
2,"add",FALSE,6,"2",83,40,0.481927710843373,8,3,55,0.107792207792208
2,"add",FALSE,6,"3",65,12,0.184615384615385,2,3,48,0.0310588685015291
2,"add",FALSE,6,"4",54,3,0.0555555555555556,0,2,35,0.0307277628032345
2,"add",FALSE,6,"5",44,3,0.0681818181818182,0,2,33,0.0165165165165165
2,"add",FALSE,6,"6",32,2,0.0625,0,2,20,0.0370656370656371
2,"add",FALSE,6,"tot",392,142,0.362244897959184,38,3,257,0.0841491551351225
3,"add",FALSE,1,"1",128,113,0.8828125,18,4,115,0.160630795713254
3,"add",FALSE,1,"tot",128,113,0.8828125,18,4,115,0.160630795713254
3,"add",FALSE,2,"1",117,114,0.974358974358974,32,3,103,0.878446601941747
3,"add",FALSE,2,"2",83,45,0.542168674698795,8,5,75,0.0447841726618705
3,"add",FALSE,2,"tot",200,159,0.795,36,3,178,0.143343008244449
3,"add",FALSE,4,"1",123,118,0.959349593495935,34,3,106,1.28582355940847
3,"add",FALSE,4,"2",88,50,0.568181818181818,7,5,77,0.0620988207195104
3,"add",FALSE,4,"3",70,25,0.357142857142857,6,3,62,0.0253277296891091
3,"add",FALSE,4,"4",57,6,0.105263157894737,0,2,50,0.00598200899550225
3,"add",FALSE,4,"tot",338,199,0.588757396449704,46,3,295,0.0669246402886258
3,"add",FALSE,6,"1",116,102,0.879310344827586,37,3,93,1.55578679616141
3,"add",FALSE,6,"2",82,42,0.51219512195122,8,3,59,0.0995321327683616
3,"add",FALSE,6,"3",66,19,0.287878787878788,3,3,45,0.054320987654321
3,"add",FALSE,6,"4",53,4,0.0754716981132075,0,2,45,0.00774853801169591
3,"add",FALSE,6,"5",43,5,0.116279069767442,0,2,30,0.024325500435161
3,"add",FALSE,6,"6",32,4,0.125,0,2,22,0.0254736506925649
3,"add",FALSE,6,"tot",392,176,0.448979591836735,48,3,294,0.0727835849787069
4,"add",FALSE,1,"1",128,77,0.6015625,9,4,95,0.125910151100294
4,"add",FALSE,1,"tot",128,77,0.6015625,9,4,95,0.125910151100294
4,"add",FALSE,2,"1",117,112,0.957264957264957,29,3,102,0.917647058823529
4,"add",FALSE,2,"2",83,47,0.566265060240964,6,3,73,0.053505237711523
4,"add",FALSE,2,"tot",200,159,0.795,35,3,175,0.160882893930104
4,"add",FALSE,4,"1",120,109,0.908333333333333,33,3,98,1.4405762304922
4,"add",FALSE,4,"2",89,35,0.393258426966292,6,5,66,0.0591656971912913
4,"add",FALSE,4,"3",71,15,0.211267605633803,2,3,56,0.026613290152333
4,"add",FALSE,4,"4",58,8,0.137931034482759,0,2,45,0.0142965491088358
4,"add",FALSE,4,"tot",338,167,0.494082840236686,40,3,265,0.0738261224533073
4,"add",FALSE,6,"1",115,95,0.826086956521739,35,3,79,2.11905143406505
4,"add",FALSE,6,"2",83,33,0.397590361445783,6,3,59,0.0782396539933091
4,"add",FALSE,6,"3",66,18,0.272727272727273,5,5,48,0.0473627556512379
4,"add",FALSE,6,"4",52,7,0.134615384615385,0,2,35,0.0264472700074794
4,"add",FALSE,6,"5",43,5,0.116279069767442,0,2,26,0.0406291685193419
4,"add",FALSE,6,"6",33,1,0.0303030303030303,0,2,28,0.00779478458049887
4,"add",FALSE,6,"tot",392,159,0.405612244897959,43,3,275,0.0780574693328852
5,"add",FALSE,1,"1",128,103,0.8046875,15,4,110,0.153259423503326
5,"add",FALSE,1,"tot",128,103,0.8046875,15,4,110,0.153259423503326
5,"add",FALSE,2,"1",116,110,0.948275862068966,21,5,99,0.556319497495968
5,"add",FALSE,2,"2",84,40,0.476190476190476,7,3,77,0.0381957922521543
5,"add",FALSE,2,"tot",200,150,0.75,27,3,176,0.124201561391057
5,"add",FALSE,4,"1",122,112,0.918032786885246,31,3,97,1.47541633624108
5,"add",FALSE,4,"2",87,44,0.505747126436782,6,5,68,0.06959143490032
5,"add",FALSE,4,"3",71,16,0.225352112676056,4,3,55,0.02986679130638
5,"add",FALSE,4,"4",58,3,0.0517241379310345,0,2,53,0.00390278039458456
5,"add",FALSE,4,"tot",338,175,0.517751479289941,38,3,273,0.0702804130745713
5,"add",FALSE,6,"1",116,94,0.810344827586207,30,3,82,2.00118976799524
5,"add",FALSE,6,"2",82,37,0.451219512195122,8,5,64,0.0690328663793103
5,"add",FALSE,6,"3",66,22,0.333333333333333,4,3,48,0.0503607103218646
5,"add",FALSE,6,"4",54,5,0.0925925925925926,0,2,43,0.0123449092836212
5,"add",FALSE,6,"5",43,6,0.13953488372093,0,2,30,0.0245498462889767
5,"add",FALSE,6,"6",31,4,0.129032258064516,0,2,23,0.0180311182201541
5,"add",FALSE,6,"tot",392,168,0.428571428571429,38,3,290,0.071175809405532
6,"add",FALSE,1,"1",128,94,0.734375,9,4,112,0.110525566158667
6,"add",FALSE,1,"tot",128,94,0.734375,9,4,112,0.110525566158667
6,"add",FALSE,2,"1",116,110,0.948275862068966,28,3,102,0.764820548102282
6,"add",FALSE,2,"2",84,46,0.547619047619048,5,3,72,0.0485680543253617
6,"add",FALSE,2,"tot",200,156,0.78,33,3,174,0.143236074270557
6,"add",FALSE,4,"1",122,107,0.877049180327869,37,3,90,1.72268518518519
6,"add",FALSE,4,"2",88,49,0.556818181818182,7,3,71,0.0904698262568109
6,"add",FALSE,4,"3",71,19,0.267605633802817,4,3,60,0.022738190552442
6,"add",FALSE,4,"4",57,5,0.087719298245614,0,2,46,0.0114637803049695
6,"add",FALSE,4,"tot",338,180,0.532544378698225,48,3,267,0.0818546245083991
6,"add",FALSE,6,"1",114,87,0.763157894736842,30,3,72,2.50694444444444
6,"add",FALSE,6,"2",83,30,0.36144578313253,9,3,55,0.0862821035466775
6,"add",FALSE,6,"3",66,15,0.227272727272727,2,3,49,0.0311502954558327
6,"add",FALSE,6,"4",54,5,0.0925925925925926,0,2,42,0.0137632216133554
6,"add",FALSE,6,"5",44,4,0.0909090909090909,0,2,29,0.0297887705361979
6,"add",FALSE,6,"6",31,1,0.032258064516129,0,2,23,0.0175326970661011
6,"add",FALSE,6,"tot",392,142,0.362244897959184,41,3,270,0.0718738540520719
7,"add",FALSE,1,"1",128,107,0.8359375,13,4,114,0.15253227408143
7,"add",FALSE,1,"tot",128,107,0.8359375,13,4,114,0.15253227408143
7,"add",FALSE,2,"1",117,117,1,20,3,102,0.860294117647059
7,"add",FALSE,2,"2",83,49,0.590361445783133,7,5,77,0.0578905519829258
7,"add",FALSE,2,"tot",200,166,0.83,24,3,179,0.171657938151748
7,"add",FALSE,4,"1",122,106,0.868852459016393,37,3,97,1.48974076669002
7,"add",FALSE,4,"2",87,38,0.436781609195402,5,3,69,0.0618311036789298
7,"add",FALSE,4,"3",71,24,0.338028169014085,2,5,53,0.0367691484403321
7,"add",FALSE,4,"4",58,8,0.137931034482759,0,2,43,0.0181620809152019
7,"add",FALSE,4,"tot",338,176,0.520710059171598,42,3,262,0.0839512361854848
7,"add",FALSE,6,"1",115,89,0.773913043478261,35,3,78,2.17373438527285
7,"add",FALSE,6,"2",82,36,0.439024390243902,8,3,55,0.106770833333333
7,"add",FALSE,6,"3",66,23,0.348484848484849,5,5,40,0.0897959183673469
7,"add",FALSE,6,"4",53,3,0.0566037735849057,0,2,42,0.0122191482226693
7,"add",FALSE,6,"5",44,7,0.159090909090909,0,2,27,0.0387464387464387
7,"add",FALSE,6,"6",32,1,0.03125,0,2,22,0.0239234449760766
7,"add",FALSE,6,"tot",392,159,0.405612244897959,47,3,264,0.0911491149114911
8,"add",FALSE,1,"1",128,97,0.7578125,9,4,113,0.104805227028368
8,"add",FALSE,1,"tot",128,97,0.7578125,9,4,113,0.104805227028368
8,"add",FALSE,2,"1",117,116,0.991452991452991,33,5,102,1.00802139037433
8,"add",FALSE,2,"2",83,37,0.44578313253012,7,9,74,0.0394733789583575
8,"add",FALSE,2,"tot",200,153,0.765,33,5,176,0.137555197308474
8,"add",FALSE,4,"1",124,108,0.870967741935484,44,3,96,1.46941896024465
8,"add",FALSE,4,"2",87,40,0.459770114942529,10,3,62,0.0925203828429635
8,"add",FALSE,4,"3",69,25,0.36231884057971,5,6,51,0.0510819214417158
8,"add",FALSE,4,"4",58,3,0.0517241379310345,0,2,47,0.0114746137659395
8,"add",FALSE,4,"tot",338,176,0.520710059171598,56,3,256,0.0973502304147466
8,"add",FALSE,6,"1",117,91,0.777777777777778,39,3,77,2.30882104908079
8,"add",FALSE,6,"2",82,42,0.51219512195122,9,3,52,0.170113277133825
8,"add",FALSE,6,"3",65,11,0.169230769230769,4,7,45,0.0428311747330152
8,"add",FALSE,6,"4",54,5,0.0925925925925926,0,2,34,0.0349062702003878
8,"add",FALSE,6,"5",43,4,0.0930232558139535,0,2,31,0.0199343248985899
8,"add",FALSE,6,"6",31,5,0.161290322580645,0,2,19,0.0375075620084694
8,"add",FALSE,6,"tot",392,158,0.403061224489796,48,3,258,0.0984134922619544
9,"add",FALSE,1,"1",128,118,0.921875,14,4,114,0.192805245436824
9,"add",FALSE,1,"tot",128,118,0.921875,14,4,114,0.192805245436824
9,"add",FALSE,2,"1",117,113,0.965811965811966,22,3,104,0.767647058823529
9,"add",FALSE,2,"2",83,48,0.578313253012048,6,8,73,0.0538749678832709
9,"add",FALSE,2,"tot",200,161,0.805,27,3,177,0.156644745953742
9,"add",FALSE,4,"1",122,103,0.844262295081967,37,3,92,1.33713768115942
9,"add",FALSE,4,"2",89,42,0.471910112359551,6,5,66,0.0774991292232672
9,"add",FALSE,4,"3",71,17,0.23943661971831,3,3,58,0.022117181786169
9,"add",FALSE,4,"4",56,5,0.0892857142857143,0,2,39,0.0249849093247251
9,"add",FALSE,4,"tot",338,167,0.494082840236686,43,3,255,0.0860552697183472
9,"add",FALSE,6,"1",114,88,0.771929824561403,26,3,75,2.3104
9,"add",FALSE,6,"2",82,37,0.451219512195122,9,3,57,0.0975932293044168
9,"add",FALSE,6,"3",66,23,0.348484848484849,5,3,42,0.0970588235294118
9,"add",FALSE,6,"4",54,6,0.111111111111111,0,2,31,0.0498314877226769
9,"add",FALSE,6,"5",44,5,0.113636363636364,0,2,32,0.0195729537366548
9,"add",FALSE,6,"6",32,2,0.0625,0,2,22,0.0236896653834765
9,"add",FALSE,6,"tot",392,161,0.410714285714286,40,3,259,0.101245001559797
10,"add",FALSE,1,"1",128,117,0.9140625,8,5,115,0.154662811112259
10,"add",FALSE,1,"tot",128,117,0.9140625,8,5,115,0.154662811112259
10,"add",FALSE,2,"1",116,116,1,26,3,108,0.830617283950617
10,"add",FALSE,2,"2",84,49,0.583333333333333,6,7,72,0.0553940568475452
10,"add",FALSE,2,"tot",200,165,0.825,31,3,180,0.155104342921602
10,"add",FALSE,4,"1",123,103,0.83739837398374,27,3,90,1.66435643564356
10,"add",FALSE,4,"2",88,42,0.477272727272727,8,5,68,0.0619136960600375
10,"add",FALSE,4,"3",70,17,0.242857142857143,3,3,50,0.0439646712463199
10,"add",FALSE,4,"4",57,5,0.087719298245614,0,2,43,0.0166440713317343
10,"add",FALSE,4,"tot",338,167,0.494082840236686,34,3,251,0.0897470403149595
10,"add",FALSE,6,"1",115,89,0.773913043478261,33,3,79,2.11905143406505
10,"add",FALSE,6,"2",82,42,0.51219512195122,6,3,56,0.135582010582011
10,"add",FALSE,6,"3",66,24,0.363636363636364,6,5,49,0.0469521141790049
10,"add",FALSE,6,"4",54,3,0.0555555555555556,0,2,42,0.0141287284144427
10,"add",FALSE,6,"5",43,4,0.0930232558139535,0,2,25,0.045131195335277
10,"add",FALSE,6,"6",32,5,0.15625,0,2,23,0.020628894778311
10,"add",FALSE,6,"tot",392,167,0.426020408163265,40,3,274,0.0873304232852149
1,"add",TRUE,1,"3",128,13,0.1015625,0,2,37,0.293393113523589
1,"add",TRUE,1,"tot",128,13,0.1015625,0,2,37,0.293393113523589
1,"add",TRUE,2,"3",116,13,0.112068965517241,0,2,33,0.304866850321396
1,"add",TRUE,2,"4",84,7,0.0833333333333333,0,2,26,0.248520710059172
1,"add",TRUE,2,"tot",200,20,0.1,0,2,59,0.279348978196911
1,"add",TRUE,4,"1",70,34,0.485714285714286,14,3,29,1.93103448275862
1,"add",TRUE,4,"3",125,21,0.168,5,3,59,0.122474169084339
1,"add",TRUE,4,"4",88,10,0.113636363636364,0,2,40,0.0946236559139785
1,"add",TRUE,4,"5",55,7,0.127272727272727,0,2,28,0.0675614194722475
1,"add",TRUE,4,"tot",338,72,0.21301775147929,19,3,156,0.143660839863372
1,"add",TRUE,6,"1",67,41,0.611940298507463,21,3,32,4.3837890625
1,"add",TRUE,6,"2",43,13,0.302325581395349,4,3,15,0.486792452830189
1,"add",TRUE,6,"3",115,21,0.182608695652174,3,3,61,0.101669655712445
1,"add",TRUE,6,"4",82,8,0.0975609756097561,0,2,33,0.132201493765012
1,"add",TRUE,6,"5",54,8,0.148148148148148,0,2,32,0.0419491525423729
1,"add",TRUE,6,"6",31,4,0.129032258064516,0,2,15,0.0812448812448812
1,"add",TRUE,6,"tot",392,95,0.24234693877551,28,3,188,0.144374876051789
2,"add",TRUE,1,"4",128,13,0.1015625,0,2,41,0.228435455086258
2,"add",TRUE,1,"tot",128,13,0.1015625,0,2,41,0.228435455086258
2,"add",TRUE,2,"4",116,13,0.112068965517241,0,2,31,0.353798126951093
2,"add",TRUE,2,"5",84,7,0.0833333333333333,0,2,22,0.371045882017669
2,"add",TRUE,2,"tot",200,20,0.1,0,2,53,0.360908901191981
2,"add",TRUE,4,"1",71,44,0.619718309859155,23,3,36,3.50069444444444
2,"add",TRUE,4,"3",58,12,0.206896551724138,1,5,29,0.0821192052980132
2,"add",TRUE,4,"4",122,8,0.0655737704918033,0,2,53,0.106240928882438
2,"add",TRUE,4,"5",87,8,0.0919540229885057,0,2,41,0.0863803151305849
2,"add",TRUE,4,"tot",338,72,0.21301775147929,23,3,159,0.134881753650373
2,"add",TRUE,6,"1",65,35,0.538461538461538,18,3,30,4.69444444444444
2,"add",TRUE,6,"2",32,11,0.34375,2,3,15,0.190920881971466
2,"add",TRUE,6,"3",55,8,0.145454545454545,4,3,32,0.0698091736694678
2,"add",TRUE,6,"4",114,12,0.105263157894737,0,2,51,0.0979301317188906
2,"add",TRUE,6,"5",82,9,0.109756097560976,0,2,42,0.0673234811165846
2,"add",TRUE,6,"6",44,6,0.136363636363636,0,2,21,0.083519022860444
2,"add",TRUE,6,"tot",392,81,0.206632653061224,24,3,191,0.119425889149666
3,"add",TRUE,1,"5",128,13,0.1015625,0,2,36,0.313324819071945
3,"add",TRUE,1,"tot",128,13,0.1015625,0,2,36,0.313324819071945
3,"add",TRUE,2,"5",116,14,0.120689655172414,0,2,32,0.328125
3,"add",TRUE,2,"6",84,6,0.0714285714285714,0,2,22,0.371045882017669
3,"add",TRUE,2,"tot",200,20,0.1,0,2,54,0.345300600728442
3,"add",TRUE,4,"1",70,40,0.571428571428571,20,3,36,3.67867867867868
3,"add",TRUE,4,"3",57,12,0.210526315789474,2,3,23,0.192918510804478
3,"add",TRUE,4,"5",123,14,0.113821138211382,0,2,50,0.130984682713348
3,"add",TRUE,4,"6",88,9,0.102272727272727,0,2,41,0.0883345435906198
3,"add",TRUE,4,"tot",338,75,0.22189349112426,22,3,150,0.169129247241342
3,"add",TRUE,6,"1",67,35,0.522388059701492,18,3,28,5.72576530612245
3,"add",TRUE,6,"2",30,8,0.266666666666667,3,4,16,0.130662020905923
3,"add",TRUE,6,"3",54,9,0.166666666666667,1,5,16,0.356636597938144
3,"add",TRUE,6,"4",44,7,0.159090909090909,0,2,12,0.355555555555556
3,"add",TRUE,6,"5",116,10,0.0862068965517241,0,2,53,0.0916800481734243
3,"add",TRUE,6,"6",81,7,0.0864197530864197,0,2,34,0.120269160295697
3,"add",TRUE,6,"tot",392,76,0.193877551020408,19,3,159,0.191943592087223
4,"add",TRUE,1,"5",128,13,0.1015625,0,2,37,0.293393113523589
4,"add",TRUE,1,"tot",128,13,0.1015625,0,2,37,0.293393113523589
4,"add",TRUE,2,"5",116,10,0.0862068965517241,0,2,34,0.283737024221453
4,"add",TRUE,2,"6",84,10,0.119047619047619,0,2,23,0.334006909588684
4,"add",TRUE,2,"tot",200,20,0.1,0,2,57,0.303541673300007
4,"add",TRUE,4,"1",57,27,0.473684210526316,17,3,20,7.73571428571429
4,"add",TRUE,4,"4",70,7,0.1,0,2,24,0.197303921568627
4,"add",TRUE,4,"5",123,12,0.0975609756097561,0,2,60,0.0761497641509434
4,"add",TRUE,4,"6",88,8,0.0909090909090909,0,2,45,0.0659520697167756
4,"add",TRUE,4,"tot",338,54,0.159763313609467,17,3,149,0.129114210934187
4,"add",TRUE,6,"1",54,28,0.518518518518518,13,3,21,6.61224489795918
4,"add",TRUE,6,"2",43,13,0.302325581395349,5,3,24,0.157788825757576
4,"add",TRUE,6,"3",32,6,0.1875,2,3,13,0.216089254257193
4,"add",TRUE,6,"4",66,5,0.0757575757575758,0,2,31,0.0867475308873784
4,"add",TRUE,6,"5",113,14,0.123893805309735,0,2,51,0.0962666776591505
4,"add",TRUE,6,"6",84,10,0.119047619047619,0,2,38,0.0965662018293597
4,"add",TRUE,6,"tot",392,76,0.193877551020408,20,3,178,0.139095129578213
5,"add",TRUE,1,"2",128,14,0.109375,1,4,40,0.252706299911269
5,"add",TRUE,1,"tot",128,14,0.109375,1,4,40,0.252706299911269
5,"add",TRUE,2,"2",116,20,0.172413793103448,6,3,40,0.255791710945802
5,"add",TRUE,2,"3",84,11,0.130952380952381,2,5,28,0.265095729013255
5,"add",TRUE,2,"tot",200,31,0.155,7,3,68,0.259622367465505
5,"add",TRUE,4,"1",57,42,0.736842105263158,16,3,34,2.22229822161423
5,"add",TRUE,4,"2",122,42,0.344262295081967,6,4,73,0.100168532042695
5,"add",TRUE,4,"3",89,17,0.191011235955056,3,3,61,0.0444145020834893
5,"add",TRUE,4,"5",70,6,0.0857142857142857,0,2,43,0.0387596899224806
5,"add",TRUE,4,"tot",338,107,0.316568047337278,22,3,211,0.0852298874486383
5,"add",TRUE,6,"1",54,37,0.685185185185185,15,3,31,3.03433922996878
5,"add",TRUE,6,"2",116,46,0.396551724137931,9,3,73,0.107142000335868
5,"add",TRUE,6,"3",82,19,0.231707317073171,2,4,48,0.0714512040557668
5,"add",TRUE,6,"4",43,3,0.0697674418604651,0,2,23,0.0600181450205876
5,"add",TRUE,6,"5",65,6,0.0923076923076923,0,2,30,0.092479674796748
5,"add",TRUE,6,"6",32,3,0.09375,0,2,17,0.062467464862051
5,"add",TRUE,6,"tot",392,114,0.290816326530612,25,3,222,0.105003061313741
6,"add",TRUE,1,"4",128,13,0.1015625,0,2,39,0.258269287447006
6,"add",TRUE,1,"tot",128,13,0.1015625,0,2,39,0.258269287447006
6,"add",TRUE,2,"4",117,12,0.102564102564103,0,2,29,0.422157530034032
6,"add",TRUE,2,"5",83,8,0.0963855421686747,0,2,29,0.183771372339989
6,"add",TRUE,2,"tot",200,20,0.1,0,2,58,0.29111484685719
6,"add",TRUE,4,"1",71,56,0.788732394366197,24,3,51,1.86496485386607
6,"add",TRUE,4,"4",122,14,0.114754098360656,0,2,72,0.0429625873337841
6,"add",TRUE,4,"5",88,10,0.113636363636364,0,2,42,0.0842490842490843
6,"add",TRUE,4,"6",57,5,0.087719298245614,0,2,34,0.0415504563894523
6,"add",TRUE,4,"tot",338,85,0.251479289940828,24,3,199,0.0787682616156202
6,"add",TRUE,6,"1",66,39,0.590909090909091,23,3,35,3.55591836734694
6,"add",TRUE,6,"2",41,15,0.365853658536585,5,3,24,0.141547619047619
6,"add",TRUE,6,"3",31,4,0.129032258064516,1,8,10,0.269565217391304
6,"add",TRUE,6,"4",117,13,0.111111111111111,0,2,57,0.07780031253117
6,"add",TRUE,6,"5",83,6,0.072289156626506,0,2,46,0.0524437310017419
6,"add",TRUE,6,"6",54,10,0.185185185185185,0,2,27,0.0711462450592885
6,"add",TRUE,6,"tot",392,87,0.221938775510204,28,3,199,0.111623246729769
7,"add",TRUE,1,"4",128,13,0.1015625,0,2,35,0.335087966220971
7,"add",TRUE,1,"tot",128,13,0.1015625,0,2,35,0.335087966220971
7,"add",TRUE,2,"4",117,12,0.102564102564103,0,2,38,0.220723087209858
7,"add",TRUE,2,"6",83,8,0.0963855421686747,0,2,25,0.2656
7,"add",TRUE,2,"tot",200,20,0.1,0,2,63,0.238051797986117
7,"add",TRUE,4,"3",58,6,0.103448275862069,2,3,21,0.210430839002268
7,"add",TRUE,4,"4",123,13,0.105691056910569,0,2,36,0.285817307692308
7,"add",TRUE,4,"5",69,5,0.072463768115942,0,2,22,0.233982683982684
7,"add",TRUE,4,"6",88,13,0.147727272727273,0,2,27,0.253914195165792
7,"add",TRUE,4,"tot",338,37,0.109467455621302,2,3,106,0.251625125131467
7,"add",TRUE,6,"1",32,14,0.4375,8,3,11,8.46280991735537
7,"add",TRUE,6,"2",44,7,0.159090909090909,2,3,13,0.462740384615385
7,"add",TRUE,6,"3",53,9,0.169811320754717,2,3,20,0.250849514563107
7,"add",TRUE,6,"4",115,14,0.121739130434783,0,2,42,0.169822389448558
7,"add",TRUE,6,"5",65,4,0.0615384615384615,0,2,25,0.144645340751043
7,"add",TRUE,6,"6",83,12,0.144578313253012,0,2,34,0.122936944561997
7,"add",TRUE,6,"tot",392,60,0.153061224489796,12,3,145,0.204206352291723
8,"add",TRUE,1,"4",128,13,0.1015625,0,2,38,0.275097908109657
8,"add",TRUE,1,"tot",128,13,0.1015625,0,2,38,0.275097908109657
8,"add",TRUE,2,"4",116,10,0.0862068965517241,0,2,40,0.19
8,"add",TRUE,2,"5",84,10,0.119047619047619,0,2,21,0.413793103448276
8,"add",TRUE,2,"tot",200,20,0.1,0,2,61,0.25762447988583
8,"add",TRUE,4,"1",70,39,0.557142857142857,17,3,33,4.12457912457913
8,"add",TRUE,4,"2",55,14,0.254545454545455,7,3,30,0.134857521537442
8,"add",TRUE,4,"4",125,17,0.136,0,2,65,0.0665041010862336
8,"add",TRUE,4,"5",88,9,0.102272727272727,0,2,43,0.0774541827214583
8,"add",TRUE,4,"tot",338,79,0.233727810650888,24,3,171,0.121005179229718
8,"add",TRUE,6,"1",65,41,0.630769230769231,25,3,36,3.26003086419753
8,"add",TRUE,6,"2",54,18,0.333333333333333,6,3,29,0.181223256984646
8,"add",TRUE,6,"3",44,10,0.227272727272727,2,3,19,0.175438596491228
8,"add",TRUE,6,"4",115,9,0.0782608695652174,0,2,59,0.0667599647540559
8,"add",TRUE,6,"5",83,12,0.144578313253012,0,2,36,0.109566340860577
8,"add",TRUE,6,"6",31,5,0.161290322580645,0,2,12,0.148737373737374
8,"add",TRUE,6,"tot",392,95,0.24234693877551,33,3,191,0.13891374700611
9,"add",TRUE,1,"1",128,107,0.8359375,23,4,114,0.144360902255639
9,"add",TRUE,1,"tot",128,107,0.8359375,23,4,114,0.144360902255639
9,"add",TRUE,2,"1",117,104,0.888888888888889,24,3,93,0.917833231892879
9,"add",TRUE,2,"5",83,8,0.0963855421686747,0,2,65,0.0139894189802893
9,"add",TRUE,2,"tot",200,112,0.56,24,3,158,0.0941288863288329
9,"add",TRUE,4,"1",123,82,0.666666666666667,32,3,71,2.07207953603977
9,"add",TRUE,4,"3",70,12,0.171428571428571,2,5,46,0.0435585531334056
9,"add",TRUE,4,"5",88,13,0.147727272727273,0,2,54,0.0384506644048629
9,"add",TRUE,4,"6",57,4,0.0701754385964912,0,2,35,0.0379138321995465
9,"add",TRUE,4,"tot",338,111,0.328402366863905,33,3,206,0.0960297760003045
9,"add",TRUE,6,"1",115,97,0.843478260869565,37,3,86,1.78812871822607
9,"add",TRUE,6,"2",42,21,0.5,4,3,29,0.141184124918673
9,"add",TRUE,6,"3",65,13,0.2,2,3,42,0.0519222840651412
9,"add",TRUE,6,"4",32,2,0.0625,0,2,19,0.042267831741516
9,"add",TRUE,6,"5",84,10,0.119047619047619,0,2,60,0.021
9,"add",TRUE,6,"6",54,8,0.148148148148148,0,2,39,0.0202626641651032
9,"add",TRUE,6,"tot",392,151,0.385204081632653,43,3,275,0.0730103088591123
10,"add",TRUE,1,"4",128,13,0.1015625,0,2,39,0.258269287447006
10,"add",TRUE,1,"tot",128,13,0.1015625,0,2,39,0.258269287447006
10,"add",TRUE,2,"4",117,12,0.102564102564103,0,2,34,0.289673070039375
10,"add",TRUE,2,"6",83,8,0.0963855421686747,0,2,27,0.219857149614493
10,"add",TRUE,2,"tot",200,20,0.1,0,2,61,0.25762447988583
10,"add",TRUE,4,"3",71,9,0.126760563380282,1,3,15,0.734046345811052
10,"add",TRUE,4,"4",121,13,0.107438016528926,0,2,42,0.187167136591479
10,"add",TRUE,4,"5",57,7,0.12280701754386,0,2,18,0.237957610789981
10,"add",TRUE,4,"6",89,7,0.0786516853932584,0,2,29,0.219473100160289
10,"add",TRUE,4,"tot",338,36,0.106508875739645,1,3,104,0.260176390773406
10,"add",TRUE,6,"1",32,16,0.5,9,3,15,4.55111111111111
10,"add",TRUE,6,"2",44,11,0.25,5,3,26,0.0955906018667525
10,"add",TRUE,6,"3",66,5,0.0757575757575758,2,3,24,0.22310405643739
10,"add",TRUE,6,"4",113,14,0.123893805309735,0,2,42,0.162021891029525
10,"add",TRUE,6,"5",54,8,0.148148148148148,0,2,21,0.141664679227284
10,"add",TRUE,6,"6",83,13,0.156626506024096,0,2,38,0.0927259185700099
10,"add",TRUE,6,"tot",392,67,0.170918367346939,16,3,166,0.153875635945527
